Metric,Value
MSE,0.22182232483443
RMSE,0.47098017456622315
MAE,0.3279785062024996
MAPE (%),1.632246953925089
SMAPE (%),1.64941189312025
R²,0.9928555488586426
