Metric,Value
MSE,0.5730482715301984
RMSE,0.7569995188440997
MAE,0.4914194061762958
MAPE (%),2.49002526066258
SMAPE (%),2.5559093593066002
R²,0.981543242931366
