Metric,Value
MSE,0.0868100544731386
RMSE,0.29463546031178695
MAE,0.1900321528146518
MAPE (%),1.0736621360719307
SMAPE (%),1.0481418140961687
R²,0.9972040057182312
