Metric,Value
MSE,0.25719541692265824
RMSE,0.5071443748309333
MAE,0.34749467464136846
MAPE (%),1.7617582879497704
SMAPE (%),1.78811960902519
R²,0.9917162656784058
