Metric,Value
MSE,0.022870625957230252
RMSE,0.15123037379187507
MAE,0.11219707380028099
MAPE (%),0.5755673928908689
SMAPE (%),0.5768239248074585
R²,0.9992634057998657
