Metric,Value
MSE,0.706899598370075
RMSE,0.8407732145888539
MAE,0.7449546533615127
MAPE (%),3.57502172377175
SMAPE (%),3.5034146341482364
R²,0.9772321581840515
