loss,val_loss
302.8260192871094,68.14117431640625
27.482654571533203,11.256627082824707
15.90496826171875,8.282371520996094
13.656089782714844,6.8023600578308105
12.303640365600586,5.843652248382568
11.288826942443848,5.077014446258545
10.215315818786621,4.586899280548096
9.453356742858887,3.976598024368286
8.744479179382324,3.556731939315796
8.112038612365723,3.183643102645874
